<?xml version="1.0" encoding="UTF-8" standalone="yes"?>
<orient-server>
    <handlers>
        <handler class="com.orientechnologies.orient.server.handler.OJMXPlugin">
            <parameters>
                <parameter value="false" name="enabled"/>
                <parameter value="true" name="profilerManaged"/>
            </parameters>
        </handler>
        <handler class="com.orientechnologies.orient.server.plugin.mail.OMailPlugin">
            <parameters>
                <parameter value="true" name="enabled"/>
                <parameter value="localhost" name="profile.default.mail.smtp.host"/>
                <parameter value="25" name="profile.default.mail.smtp.port"/>
                <parameter value="true" name="profile.default.mail.smtp.auth"/>
                <parameter value="true" name="profile.default.mail.smtp.starttls.enable"/>
                <parameter value="" name="profile.default.mail.smtp.user"/>
                <parameter value="" name="profile.default.mail.smtp.password"/>
                <parameter value="orientDB@mydomain.com" name="from"/>
                <parameter value="yyyy-MM-dd HH:mm:ss" name="profile.default.mail.date.format"/>
            </parameters>
        </handler>
        <handler class="com.bbytes.daas.OrientDbS3Backup">
            <parameters>
                <parameter value="true" name="enabled"/>
                <parameter value="24h" name="delay"/>
                <parameter value="true" name="delete.backup.old"/>
                <parameter value="10" name="delete.backup.old.by.days"/>
                <parameter value="orientdb_backup" name=" bucket.name"/>
                <parameter value="./../backup" name="target.directory"/>
                <parameter value="${DBNAME}-${DATE:yyyyMMddHHmmss}-s3.json" name="target.fileName"/>
                <parameter value="" name="db.include"/>
                <parameter value="" name="db.exclude"/>
            </parameters>
        </handler>
        <handler class="com.orientechnologies.orient.server.handler.OServerSideScriptInterpreter">
            <parameters>
                <parameter value="false" name="enabled"/>
            </parameters>
        </handler>
    </handlers>
    <network>
        <protocols>
            <protocol implementation="com.orientechnologies.orient.server.network.protocol.binary.ONetworkProtocolBinary" name="binary"/>
            <protocol implementation="com.orientechnologies.orient.server.network.protocol.http.ONetworkProtocolHttpDb" name="http"/>
        </protocols>
        <listeners>
            <listener protocol="binary" port-range="2424-2430" ip-address="0.0.0.0"/>
            <listener protocol="http" port-range="2480-2490" ip-address="0.0.0.0">
                <commands>
                    <command implementation="com.orientechnologies.orient.server.network.protocol.http.command.get.OServerCommandGetStaticContent" pattern="GET|www GET|studio/ GET| GET|*.htm GET|*.html GET|*.xml GET|*.jpeg GET|*.jpg GET|*.png GET|*.gif GET|*.js GET|*.css GET|*.swf GET|*.ico GET|*.txt GET|*.otf GET|*.pjs GET|*.svg" stateful="false">
                        <parameters>
                            <entry value="Cache-Control: no-cache, no-store, max-age=0, must-revalidate\r\nPragma: no-cache" name="http.cache:*.htm *.html"/>
                            <entry value="Cache-Control: max-age=120" name="http.cache:default"/>
                        </parameters>
                    </command>
                </commands>
                <parameters>
                    <parameter value="utf-8" name="network.http.charset"/>
                </parameters>
            </listener>
        </listeners>
    </network>
    <storages/>
    <users>
        <user resources="*" password="A4318629F2DE91C079239E758DB139D73C2156CEE9E2F973493CE545965F08B7" name="root"/>
        <user resources="*" password="W0rk1ng$" name="admin"/>
    </users>
    <properties>
        <entry value="1" name="db.pool.min"/>
        <entry value="20" name="db.pool.max"/>
        <entry value="false" name="cache.level1.enabled"/>
        <entry value="1000" name="cache.level1.size"/>
        <entry value="false" name="cache.level2.enabled"/>
        <entry value="0" name="cache.level2.size"/>
        <entry value="true" name="profiler.enabled"/>
        <entry value="info" name="log.console.level"/>
        <entry value="fine" name="log.file.level"/>
    </properties>
</orient-server>
