<?xml version="1.0" encoding="UTF-8" standalone="yes"?>
<orient-server>
	<handlers>
		<!-- CLUSTER PLUGIN, TO TURN ON SET THE 'ENABLED' PARAMETER TO 'true' -->
		<handler class="com.orientechnologies.orient.server.hazelcast.OHazelcastPlugin">
			<parameters>
				<!-- <parameter name="alias" value="europe1" /> -->
				<parameter name="enabled" value="true" />
				<parameter name="configuration.db.default" value="${ORIENTDB_HOME}/config/default-distributed-db-config.json" />
				<parameter name="configuration.hazelcast" value="${ORIENTDB_HOME}/config/hazelcast.xml" />
				<parameter name="alignment.startup" value="true" />
				<parameter name="alignment.timer" value="120000" />
				<parameter name="conflict.resolver.impl" value="com.orientechnologies.orient.server.distributed.conflict.ODefaultReplicationConflictResolver" />
				
				<!-- REPLICATION STRATEGIES -->
				<parameter name="replication.strategy.auto"
					value="com.orientechnologies.orient.server.hazelcast.strategy.OAutoReplicationStrategy" />
			</parameters>
		</handler>
		<!-- AUTOMATIC BACKUP, TO TURN ON SET THE 'ENABLED' PARAMETER TO 'true' -->
		<handler class="com.orientechnologies.orient.server.handler.OAutomaticBackup">
			<parameters>
				<parameter name="enabled" value="false" />
				<parameter name="delay" value="4h" />
				<parameter name="target.directory" value="backup" />
				<parameter name="target.fileName" value="${DBNAME}-${DATE:yyyyMMddHHmmss}.json" /><!-- ${DBNAME} AND ${DATE:} VARIABLES ARE SUPPORTED -->
				<parameter name="db.include" value="" /><!-- DEFAULT: NO ONE, THAT MEANS ALL DATABASES. USE COMMA TO SEPARATE MULTIPLE DATABASE NAMES -->
				<parameter name="db.exclude" value="" /><!-- USE COMMA TO SEPARATE MULTIPLE DATABASE NAMES -->
			</parameters>
		</handler>
		<!-- MAIL, TO TURN ON SET THE 'ENABLED' PARAMETER TO 'true' -->
		<handler class="com.orientechnologies.orient.server.plugin.mail.OMailPlugin">
			<parameters>
				<parameter name="enabled" value="true" />
				<!-- CREATE MULTIPLE PROFILES WITH profile.<name>... -->
				<parameter name="profile.default.mail.smtp.host" value="localhost" />
				<parameter name="profile.default.mail.smtp.port" value="25" />
				<parameter name="profile.default.mail.smtp.auth" value="true" />
				<parameter name="profile.default.mail.smtp.starttls.enable" value="true" />
				<parameter name="profile.default.mail.smtp.user" value="" />
				<parameter name="profile.default.mail.smtp.password" value="" />
				<parameter name="profile.default.mail.date.format" value="yyyy-MM-dd HH:mm:ss" />
			</parameters>
		</handler>
		<!-- SERVER SIDE SCRIPT INTERPRETER. WARNING! THIS CAN BE A SECURITY HOLE: ENABLE IT ONLY IF CLIENTS ARE TRUCT, TO TURN ON SET THE 'ENABLED' PARAMETER 
			TO 'true' -->
		<handler class="com.orientechnologies.orient.server.handler.OServerSideScriptInterpreter">
			<parameters>
				<parameter name="enabled" value="false" />
			</parameters>
		</handler>
	</handlers>
	<network>
		<protocols>
			<!-- Default registered protocol. It reads commands using the HTTP protocol and write data locally -->
			<protocol name="binary" implementation="com.orientechnologies.orient.server.network.protocol.binary.ONetworkProtocolBinary" />
			<protocol name="http" implementation="com.orientechnologies.orient.server.network.protocol.http.ONetworkProtocolHttpDb" />
		</protocols>
		<listeners>
			<listener protocol="binary" ip-address="0.0.0.0" port-range="2424-2430" />
			<listener protocol="http" ip-address="0.0.0.0" port-range="2480-2490">
				<parameters>
					<!-- Connection's custom parameters. If not specified the global configuration will be taken -->
					<parameter name="network.http.charset" value="utf-8" />
					<!-- Define additional HTTP headers to always send as response -->
					<!-- Allow cross-site scripting -->
					<!-- parameter name="network.http.additionalResponseHeaders" value="Access-Control-Allow-Origin: *;Access-Control-Allow-Credentials: true" /-->
				</parameters>
				<commands>
					<command
						pattern="GET|www GET|studio/ GET| GET|*.htm GET|*.html GET|*.xml GET|*.jpeg GET|*.jpg GET|*.png GET|*.gif GET|*.js GET|*.css GET|*.swf GET|*.ico GET|*.txt GET|*.otf GET|*.pjs GET|*.svg"
						implementation="com.orientechnologies.orient.server.network.protocol.http.command.get.OServerCommandGetStaticContent">
						<parameters>
							<!-- Don't cache html resources in development mode -->
							<entry name="http.cache:*.htm *.html" value="Cache-Control: no-cache, no-store, max-age=0, must-revalidate\r\nPragma: no-cache" />
							<!-- Default caching -->
							<entry name="http.cache:default" value="Cache-Control: max-age=120" />
						</parameters>
					</command>
				</commands>
			</listener>
		</listeners>
		<cluster>
		</cluster>
	</network>
	<storages>
	</storages>
	<users>
	</users>
	<properties>
		<!-- Uses the Hazelcast's distributed cache as 2nd level cache -->
		<!-- <entry name="cache.level2.impl" value="com.orientechnologies.orient.server.hazelcast.OHazelcastCache" /> -->

		<!-- DATABASE POOL: size min/max -->
		<entry name="db.pool.min" value="1" />
		<entry name="db.pool.max" value="20" />
		
		<!-- LEVEL1 AND 2 CACHE: enable/disable and set the size as number of entries -->
		<entry name="cache.level1.enabled" value="false" />
		<entry name="cache.level1.size" value="1000" />
		<entry name="cache.level2.enabled" value="true" />
		<entry name="cache.level2.size" value="1000" />
		
		<!-- PROFILER: configures the profiler as <seconds-for-snapshot>,<archive-snapshot-size>,<summary-size>  -->
		<entry name="profiler.enabled" value="true" />
		<!-- <entry name="profiler.config" value="30,10,10" />  -->		

		<!-- LOG: enable/Disable logging. Levels are: finer, fine, finest, info, warning -->
		<entry name="log.console.level" value="info" />
		<entry name="log.file.level" value="fine" />
	</properties>
</orient-server>